{"cameraMode":{"drawMode":0,"name":"Shaded","section":"Shading Mode"},"sceneLighting":true,"audioPlay":false,"sceneViewState":{"m_AlwaysRefresh":false,"showFog":true,"showSkybox":true,"showFlares":true,"showImageEffects":true,"showParticleSystems":true,"showVisualEffectGraphs":true,"m_FxEnabled":true},"in2DMode":false,"pivot":{"x":-0.9515153169631958,"y":0.3990911841392517,"z":-1.9308935403823853},"rotation":{"x":-0.016481701284646989,"y":-0.030580155551433564,"z":-0.0005051539046689868,"w":0.9993993043899536},"size":0.7726776003837586,"orthographic":false}