{"cameraMode":{"drawMode":0,"name":"Shaded","section":"Shading Mode"},"sceneLighting":true,"audioPlay":false,"sceneViewState":{"m_AlwaysRefresh":false,"showFog":true,"showSkybox":true,"showFlares":true,"showImageEffects":true,"showParticleSystems":true,"showVisualEffectGraphs":true,"m_FxEnabled":true},"in2DMode":false,"pivot":{"x":261.4587707519531,"y":291.19879150390627,"z":-1.4616680145263672},"rotation":{"x":-0.016481701284646989,"y":-0.030580155551433564,"z":-0.0005051539046689868,"w":0.9993993043899536},"size":591.8773803710938,"orthographic":false}